epoch,train_loss,train_accuracy,train_precision,train_recall,train_f1,val_loss,val_accuracy,val_precision,val_recall,val_f1
1,0.7119744569063187,0.49166666666666664,0.4812292358803987,0.49166666666666664,0.4823949246629659,0.6620016694068909,0.65,0.6,0.375,0.46153846153846156
2,0.691792830824852,0.5416666666666666,0.5198412698412699,0.5416666666666666,0.48666666666666664,0.6546962857246399,0.65,0.6,0.375,0.46153846153846156
3,0.7017611265182495,0.5416666666666666,0.5198412698412699,0.5416666666666666,0.48666666666666664,0.6580145359039307,0.65,0.6666666666666666,0.25,0.36363636363636365
4,0.6906173080205917,0.55,0.5351063829787234,0.55,0.510625,0.6660773158073425,0.65,0.6666666666666666,0.25,0.36363636363636365
