epoch,train_loss,train_accuracy,train_precision,train_recall,train_f1,val_loss,val_accuracy,val_precision,val_recall,val_f1
1,0.6098992842704457,0.656952380952381,0.6576463809975246,0.656952380952381,0.6566006515327074,0.5915864014320753,0.6879555555555555,0.6633463094420273,0.7690027431200779,0.7122776821572002
2,0.5982765341937615,0.6710571428571429,0.6718928929613631,0.6710571428571429,0.6706816702014988,0.5782560717991807,0.7051555555555555,0.7121942347913067,0.69303601451199,0.7024845277603372
3,0.5950561162179628,0.6758761904761905,0.6769012271246949,0.6758761904761905,0.6754322065347214,0.578541368669407,0.7066222222222223,0.7091119416266239,0.7051588355012831,0.70712986379165
4,0.5963491281986817,0.673847619047619,0.674748902446543,0.673847619047619,0.6734516246245877,0.5810630798170512,0.7085333333333333,0.7336453201970443,0.6589239890275197,0.6942799869469954
