epoch,train_loss,train_accuracy,train_precision,train_recall,train_f1,val_loss,val_accuracy,val_precision,val_recall,val_f1
1,0.6558739024596731,0.6156380952380952,0.6156901546854266,0.6156380952380952,0.6156060177392074,0.632882213558663,0.6629555555555555,0.6597070069166989,0.6794089018670914,0.6694130212079601
2,0.6466837403399646,0.6321238095238095,0.6322312902345545,0.6321238095238095,0.6320623812150473,0.6286650852046229,0.6694888888888889,0.6805756740339236,0.644411998938147,0.6620003181601255
3,0.6457778872438819,0.6330380952380953,0.6331459251830055,0.6330380952380953,0.6329770003224543,0.6403457872908224,0.6624444444444444,0.6804811532093114,0.6182196265817185,0.64785793768546
4,0.6476702462160341,0.632,0.6320686951562132,0.632,0.631962679245283,0.6314560882747173,0.6609333333333334,0.6687655115359867,0.6437925847270153,0.6560414788097385
