epoch,train_loss,train_accuracy,train_precision,train_recall,train_f1,val_loss,val_accuracy,val_precision,val_recall,val_f1
1,0.7036497592926025,0.5666666666666667,0.5597402597402596,0.5666666666666667,0.5177150192554557,0.9284364581108093,0.45,0.4117647058823529,0.875,0.56
2,0.7603724449872971,0.5416666666666666,0.5612795103468377,0.5416666666666666,0.5374189951919727,0.7017830014228821,0.6,0.5,0.625,0.5555555555555556
3,0.7143954783678055,0.5583333333333333,0.576086956521739,0.5583333333333333,0.4347129881075007,0.7928680181503296,0.4,0.3333333333333333,0.5,0.4
4,0.8267692625522614,0.49166666666666664,0.5567743616466909,0.49166666666666664,0.4281973434535105,0.6893085837364197,0.55,0.42857142857142855,0.375,0.4
