epoch,train_loss,train_accuracy,train_precision,train_recall,train_f1,val_loss,val_accuracy,val_precision,val_recall,val_f1
1,0.662832634281248,0.6073833333333334,0.6075094593252315,0.6073833333333334,0.6072387434226139,0.6439890456809239,0.6527777777777778,0.6347275325377515,0.7271480399964605,0.6778018352407464
2,0.654719380554614,0.62025,0.6204582799050137,0.62025,0.6200549813003295,0.63885697722435,0.6602888888888889,0.6494870642089344,0.7030793735067693,0.6752214833542246
3,0.6536116170476495,0.6235166666666667,0.6236307263913231,0.6235166666666667,0.6234075948855025,0.6391755923290144,0.6570888888888888,0.6476061092585731,0.6960003539509778,0.6709316955622374
4,0.6528035722561737,0.6252166666666666,0.625335699479644,0.6252166666666666,0.6251055172776251,0.6334834219041195,0.6572222222222223,0.6435342586296549,0.7118396602070614,0.67596580047476
