epoch,train_loss,train_accuracy,train_precision,train_recall,train_f1,val_loss,val_accuracy,val_precision,val_recall,val_f1
1,0.8425027281045914,0.51,0.5010549450549451,0.51,0.4993754538852578,0.8112191557884216,0.35,0.3684210526315789,0.875,0.5185185185185185
2,0.6770956963300705,0.48,0.48762987012987014,0.48,0.47895958383353343,0.6802672743797302,0.6,0.5,0.375,0.42857142857142855
3,0.7316006273031235,0.51,0.3762105263157895,0.51,0.38045532306882485,0.6826796531677246,0.5,0.0,0.0,0.0
4,0.6785098910331726,0.57,0.5662404870624048,0.57,0.5462064502211196,0.780401349067688,0.4,0.25,0.25,0.25
