epoch,train_loss,train_accuracy,train_precision,train_recall,train_f1,val_loss,val_accuracy,val_precision,val_recall,val_f1
1,0.6506085768183157,0.6210666666666667,0.6211498103597214,0.6210666666666667,0.6209817697261977,0.6198963634669781,0.6690666666666667,0.6746398477847241,0.658879745155296,0.6666666666666666
2,0.6334275777406021,0.6467,0.6468830575726425,0.6467,0.6465692095856317,0.6331857783211903,0.6571777777777777,0.6265476736392818,0.7858596584373064,0.6972188965869168
3,0.63392606917729,0.6419333333333334,0.6421016402582828,0.6419333333333334,0.6418062394387227,0.6251353916119445,0.6672,0.648481308411215,0.7367932041412264,0.6898222940226171
4,0.6321535213415557,0.6464333333333333,0.6465881076391939,0.6464333333333333,0.6463208218487678,0.645174810832197,0.6478222222222222,0.6173302758668612,0.7861251216706486,0.6915771446364627
5,0.6306111484702462,0.6490833333333333,0.6492708565437492,0.6490833333333333,0.6489527482977586,0.6256276225163178,0.6756888888888889,0.664179104477612,0.7166622422794443,0.6894232815492658
