epoch,train_loss,train_accuracy,train_precision,train_recall,train_f1,val_loss,val_accuracy,val_precision,val_recall,val_f1
1,0.8480860590934753,0.46,0.44588235294117645,0.46,0.44650000000000006,0.997642457485199,0.45,0.36363636363636365,0.5,0.42105263157894735
2,0.7569632977247238,0.51,0.6424175824175825,0.51,0.4154744525547446,0.6892926096916199,0.6,0.0,0.0,0.0
3,0.6523457616567612,0.55,0.7545454545454545,0.55,0.40075093867334166,0.6880176663398743,0.55,0.42857142857142855,0.375,0.4
4,0.6648517847061157,0.57,0.5872148541114058,0.57,0.5000649116480347,0.7302409410476685,0.5,0.4166666666666667,0.625,0.5
5,0.6244301497936249,0.58,0.5791683991683991,0.58,0.5544791666666667,0.7754812836647034,0.55,0.4666666666666667,0.875,0.6086956521739131
6,0.7545552551746368,0.61,0.6083076923076923,0.61,0.6015437286025522,0.7542864680290222,0.55,0.45454545454545453,0.625,0.5263157894736842
7,0.6488593369722366,0.57,0.5809411764705882,0.57,0.5086873452058026,0.726318359375,0.55,0.4,0.25,0.3076923076923077
8,0.585778497159481,0.64,0.6460952380952381,0.64,0.6253310696095077,0.8456546664237976,0.4,0.16666666666666666,0.125,0.14285714285714285
