epoch,train_loss,train_accuracy,train_precision,train_recall,train_f1,val_loss,val_accuracy,val_precision,val_recall,val_f1
1,0.6690933352340259,0.60385,0.6039240671824512,0.60385,0.6037550034473218,0.6440595075149428,0.6509777777777778,0.665609990393852,0.6131315812759933,0.6382939523743725
2,0.6581929404852487,0.6159166666666667,0.6160418448370787,0.6159166666666667,0.6157872522689554,0.6355300948701121,0.6637111111111111,0.6703462117410939,0.6502079461994513,0.6601235261089275
3,0.654156457767812,0.6224666666666666,0.6225968515935987,0.6224666666666666,0.6223424483818449,0.6413951152088967,0.6516,0.6352872215709261,0.7192726307406424,0.6746762948207171
4,0.6545505275858491,0.6228833333333333,0.6229652456852984,0.6228833333333333,0.6228012753873552,0.6414904413236813,0.6602,0.6524713242961419,0.6921068931952925,0.6717049187367156
5,0.6513160896707954,0.6258166666666667,0.626056924041225,0.6258166666666667,0.6256077406942707,0.641757329587232,0.6614444444444444,0.6546974087606569,0.6897177240952128,0.6717514489474932
6,0.6522865674134765,0.6242666666666666,0.6244398810865499,0.6242666666666666,0.6241091435637055,0.6413275616412814,0.6579333333333334,0.6526231104712706,0.6819308025838421,0.6669551483156277
