epoch,train_loss,train_accuracy,train_precision,train_recall,train_f1,val_loss,val_accuracy,val_precision,val_recall,val_f1
1,0.640222355723381,0.55,0.5693264693264694,0.55,0.543058776086299,0.9999826550483704,0.65,0.6,0.375,0.46153846153846156
2,0.9800893887877464,0.57,0.6093040293040293,0.57,0.48022570532915354,0.715234637260437,0.55,0.46153846153846156,0.75,0.5714285714285714
3,0.8720841109752655,0.49,0.5773626373626374,0.49,0.3916162669447341,0.7934344410896301,0.6,0.5,0.875,0.6363636363636364
4,0.8782523423433304,0.63,0.6332959326788219,0.63,0.616522014570795,0.7644725441932678,0.55,0.45454545454545453,0.625,0.5263157894736842
5,0.646073043346405,0.59,0.5991922845087402,0.59,0.5520412972730333,0.8019421696662903,0.55,0.46153846153846156,0.75,0.5714285714285714
6,0.7413690686225891,0.62,0.7919047619047619,0.62,0.5723956043956044,0.7450158596038818,0.6,0.5,0.625,0.5555555555555556
