epoch,train_loss,train_accuracy,train_precision,train_recall,train_f1,val_loss,val_accuracy,val_precision,val_recall,val_f1
1,0.9611625075340271,0.53,0.5112280701754386,0.53,0.4793846153846154,1.3955485820770264,0.4,0.3888888888888889,0.875,0.5384615384615384
2,1.6547327041625977,0.47,0.5370526315789473,0.47,0.3420074528188484,0.8937696814537048,0.45,0.36363636363636365,0.5,0.42105263157894735
3,0.9171101003885269,0.52,0.5078095238095238,0.52,0.5004414261460102,0.9592748880386353,0.6,0.0,0.0,0.0
4,1.0258353352546692,0.54,0.2916,0.54,0.3787012987012987,0.6688653826713562,0.6,0.5,0.125,0.2
