epoch,train_loss,train_accuracy,train_precision,train_recall,train_f1,val_loss,val_accuracy,val_precision,val_recall,val_f1
1,0.666768721680143,0.6006,0.6006459555356041,0.6006,0.6005335567796797,0.6410447782413526,0.6588888888888889,0.6717343942407881,0.6275108397486948,0.6488699789550737
2,0.6569986011682034,0.61815,0.6183071741294988,0.61815,0.617995345568864,0.6386227365583181,0.6511555555555556,0.6369623869227107,0.7102911246792319,0.6716311760030121
3,0.6539431380818902,0.6238,0.6238774027474245,0.6238,0.6237227076302886,0.6435891179875894,0.6533555555555556,0.6693099946811083,0.6124236793204141,0.6396044636462352
4,0.6565239688735018,0.6203333333333333,0.6204759214814372,0.6203333333333333,0.6201952096033063,0.6444243077527393,0.6394888888888889,0.613898510873835,0.7605964073975754,0.6794190297401442
5,0.6545791149393582,0.6220333333333333,0.6221915496649559,0.6220333333333333,0.62188453715133,0.641962331296368,0.6612222222222223,0.6547604022045521,0.6885673834173967,0.6712384895732246
6,0.6552915643018954,0.6209,0.6210417162678782,0.6209,0.6207635266373861,0.6416281749579039,0.6543111111111111,0.6593829171190735,0.6448544376603841,0.6520377577953742
7,0.6538362084929623,0.62445,0.6245808011924392,0.62445,0.6243280207260365,0.6529924268410965,0.6602,0.6505250154416307,0.6989646933899655,0.673875487875104
