epoch,train_loss,train_accuracy,train_precision,train_recall,train_f1,val_loss,val_accuracy,val_precision,val_recall,val_f1
1,0.6609655822009675,0.6112666666666666,0.6113816968574998,0.6112666666666666,0.6111397029508332,0.6423588859086687,0.6461333333333333,0.6192244519031636,0.7672772321033536,0.6853461903256403
2,0.6484508510591633,0.6292666666666666,0.6294525570775483,0.6292666666666666,0.6291076726045156,0.6295030640268867,0.6692888888888889,0.6863114200212376,0.6291036191487479,0.6564635272391505
3,0.6473410393891812,0.6295833333333334,0.6296989072157114,0.6295833333333334,0.6294801867907815,0.6305264085531235,0.6676222222222222,0.6586165401053986,0.702238739934519,0.6797284854714032
4,0.6450103742481549,0.6348,0.6349411078595232,0.6348,0.6346833512842103,0.6332266953858462,0.6591111111111111,0.6431556536823845,0.7217502875851695,0.6801901346787308
