epoch,train_loss,train_accuracy,train_precision,train_recall,train_f1,val_loss,val_accuracy,val_precision,val_recall,val_f1
1,0.7701829224824905,0.46,0.4425,0.46,0.4425220680958386,0.7634698152542114,0.45,0.42105263157894735,1.0,0.5925925925925926
2,0.7116497457027435,0.49,0.7581443298969072,0.49,0.3527861612072138,0.7076544165611267,0.5,0.4,0.5,0.4444444444444444
3,0.7454734742641449,0.58,0.628,0.58,0.4975,0.7569519281387329,0.55,0.45454545454545453,0.625,0.5263157894736842
4,0.735379233956337,0.57,0.5672,0.57,0.5414084507042253,0.9007028937339783,0.4,0.3888888888888889,0.875,0.5384615384615384
