epoch,train_loss,train_accuracy,train_precision,train_recall,train_f1,val_loss,val_accuracy,val_precision,val_recall,val_f1
1,0.7291401773691177,0.52,0.5021491228070175,0.52,0.48518681318681317,0.7291874289512634,0.45,0.38461538461538464,0.625,0.47619047619047616
2,0.6772503852844238,0.55,0.560546715626275,0.55,0.5485136622960664,0.6615261435508728,0.6,0.0,0.0,0.0
3,0.7865908294916153,0.53,0.2890909090909091,0.53,0.37411764705882355,0.6406909823417664,0.65,0.5714285714285714,0.5,0.5333333333333333
4,0.7060005068778992,0.59,0.5883231334149328,0.59,0.58863042818099,0.7659739851951599,0.35,0.3684210526315789,0.875,0.5185185185185185
5,0.6962398290634155,0.51,0.6854377880184331,0.51,0.40407123481542634,0.6659653186798096,0.65,0.5714285714285714,0.5,0.5333333333333333
6,0.649505078792572,0.59,0.6179607843137255,0.59,0.5315390965915792,0.6881377100944519,0.6,0.0,0.0,0.0
