epoch,train_loss,train_accuracy,train_precision,train_recall,train_f1,val_loss,val_accuracy,val_precision,val_recall,val_f1
1,0.7010295689105988,0.44,0.3410416666666667,0.44,0.29721223895094706,0.7079586982727051,0.4,0.4,1.0,0.5714285714285714
2,0.704840287566185,0.56,0.6742261904761904,0.56,0.5048791208791209,0.7101230621337891,0.3,0.2857142857142857,0.5,0.36363636363636365
3,0.6665911078453064,0.72,0.7292753623188406,0.72,0.72,0.6931909918785095,0.55,0.0,0.0,0.0
4,0.6528135687112808,0.66,0.6656617647058823,0.66,0.6489953762084909,0.7005569338798523,0.5,0.0,0.0,0.0
