epoch,train_loss,train_accuracy,train_precision,train_recall,train_f1,val_loss,val_accuracy,val_precision,val_recall,val_f1
1,0.6849397718906403,0.54,0.5234782608695652,0.54,0.4380111618467783,0.689027726650238,0.6,0.0,0.0,0.0
2,0.6778624951839447,0.61,0.6918692543411644,0.61,0.5379904306220096,0.6826774477958679,0.6,0.0,0.0,0.0
3,0.664995938539505,0.61,0.6435010630758328,0.61,0.5615154675008689,0.6947270631790161,0.55,0.0,0.0,0.0
4,0.6421594470739365,0.75,0.7768334142787761,0.75,0.7386666666666667,0.7116019129753113,0.5,0.375,0.375,0.375
5,0.5802620202302933,0.89,0.8947819127651061,0.89,0.8901651486337704,0.7345654368400574,0.35,0.2727272727272727,0.375,0.3157894736842105
6,0.5342639684677124,0.88,0.8817077175697865,0.88,0.8794155844155844,0.7910905480384827,0.3,0.2857142857142857,0.5,0.36363636363636365
7,0.5017926394939423,0.85,0.8519807923169267,0.85,0.8502255639097744,0.8951398730278015,0.25,0.26666666666666666,0.5,0.34782608695652173
