epoch,train_loss,train_accuracy,train_precision,train_recall,train_f1,val_loss,val_accuracy,val_precision,val_recall,val_f1
1,0.539893641718415,0.7149,0.7215977288035568,0.7149,0.7126705685359561,0.5140720526264473,0.7378,0.7917364299216851,0.6485709229271746,0.7130384026071941
2,0.5089116566089679,0.7463833333333333,0.7494823897051831,0.7463833333333333,0.745562519971373,0.5079005830497905,0.7423333333333333,0.7611387900355872,0.7097159543403239,0.7345284703619754
3,0.4888816826633299,0.7646666666666667,0.767563423578655,0.7646666666666667,0.7640025685371188,0.5096424106847156,0.7435777777777778,0.786502304863521,0.6718431997168393,0.7246653463456537
4,0.46228803506792226,0.7833,0.786009736277691,0.7833,0.7827645609514043,0.505357245406644,0.7455111111111111,0.7639178185949631,0.7139633660737987,0.7380963271280245
5,0.4265024555898679,0.80245,0.8046291300880948,0.80245,0.8020801421700661,0.5298256913030689,0.7466,0.7563521494300234,0.7309530130076984,0.7434357070536618
6,0.3817537509556264,0.8254666666666667,0.8267207550938496,0.8254666666666667,0.8252891463206994,0.5439515817402438,0.7468444444444444,0.7709824018565075,0.7055570303512964,0.7368202190084554
7,0.3348072743746263,0.8504333333333334,0.8513244917426311,0.8504333333333334,0.8503318411239741,0.6354083323173902,0.7442444444444445,0.7869225596192644,0.673037784266879,0.7255383588104833
8,0.28422286502842203,0.8748333333333334,0.8753819406405414,0.8748333333333334,0.8747835597152087,0.6987945141948082,0.7331555555555556,0.729327214477444,0.7453322714803999,0.7372428884026259
