epoch,train_loss,train_accuracy,train_precision,train_recall,train_f1,val_loss,val_accuracy,val_precision,val_recall,val_f1
1,0.6571472022833347,0.61055,0.6106582569427789,0.61055,0.6104286073293429,0.6359172644601627,0.6537555555555555,0.6291622208322603,0.756570215025219,0.6870090998573753
2,0.6430833493468604,0.6343166666666666,0.6344427467974586,0.6343166666666666,0.6342107237762987,0.6266303947195411,0.6697555555555555,0.6709660320685543,0.6720644190779577,0.6715147764196193
3,0.6433288029261998,0.6337333333333334,0.6338754536749873,0.6337333333333334,0.6336145895185318,0.6217030357908119,0.6730222222222222,0.6778018212965468,0.6652066188832847,0.671445158985352
4,0.6414556052130677,0.6374833333333333,0.6375394005638714,0.6374833333333333,0.6374330348251409,0.6219279786402528,0.6712888888888889,0.6707327736970969,0.6787452437837359,0.6747152218850332
