epoch,train_loss,train_accuracy,train_precision,train_recall,train_f1,val_loss,val_accuracy,val_precision,val_recall,val_f1
1,0.7043738961219788,0.55,0.5421052631578948,0.55,0.5015384615384615,0.7194912433624268,0.45,0.4,0.75,0.5217391304347826
2,0.686103567481041,0.56,0.572216748768473,0.56,0.5578846153846153,0.7676908373832703,0.45,0.4,0.75,0.5217391304347826
3,0.6987373232841492,0.52,0.656888888888889,0.52,0.43264705882352944,0.8095331192016602,0.4,0.3333333333333333,0.5,0.4
4,0.7138125598430634,0.49,0.5607150153217568,0.49,0.40252991452991455,0.7328392863273621,0.5,0.0,0.0,0.0
