epoch,train_loss,train_accuracy,train_precision,train_recall,train_f1,val_loss,val_accuracy,val_precision,val_recall,val_f1
1,0.6575136035680771,0.54,0.5317647058823529,0.54,0.5251113913408996,0.6603609323501587,0.55,0.4444444444444444,0.5,0.47058823529411764
2,0.7060326784849167,0.51,0.4803508771929825,0.51,0.4572307692307692,0.6797093152999878,0.55,0.45454545454545453,0.625,0.5263157894736842
3,0.6494046896696091,0.57,0.5657915057915058,0.57,0.5632252085264133,0.6687266826629639,0.6,0.5,0.375,0.42857142857142855
4,0.7040198743343353,0.64,0.6870460704607046,0.64,0.5983088235294118,0.6909472942352295,0.6,0.5,0.375,0.42857142857142855
5,0.6563914865255356,0.59,0.5883231334149328,0.59,0.58863042818099,0.7580565810203552,0.45,0.38461538461538464,0.625,0.47619047619047616
