epoch,train_loss,train_accuracy,train_precision,train_recall,train_f1,val_loss,val_accuracy,val_precision,val_recall,val_f1
1,0.7070772349834442,0.47,0.48174174174174167,0.47,0.4618247807238633,0.7413878440856934,0.35,0.35294117647058826,0.75,0.48
2,0.720752164721489,0.5,0.5064412238325282,0.5,0.5,0.7306913733482361,0.3,0.3125,0.625,0.4166666666666667
3,0.7147078812122345,0.51,0.5140216086434574,0.51,0.5107356620958864,0.7176074385643005,0.3,0.25,0.375,0.3
4,0.6869765371084213,0.58,0.58,0.58,0.58,0.7080034613609314,0.4,0.3,0.375,0.3333333333333333
