epoch,train_loss,train_accuracy,train_precision,train_recall,train_f1,val_loss,val_accuracy,val_precision,val_recall,val_f1
1,0.6836538884177137,0.5608166666666666,0.5612937832199822,0.5608166666666666,0.5598250729822877,0.6751153387806632,0.5792666666666667,0.601236134871144,0.482036987877179,0.5350784568916829
2,0.6758542403991796,0.5765666666666667,0.5769614680267082,0.5765666666666667,0.5759366474029793,0.6728056698021564,0.578,0.5874152952565344,0.536943633306787,0.56104664601729
3,0.67496399749825,0.5746166666666667,0.5748247890757411,0.5746166666666667,0.5742538615898766,0.6725908182561398,0.5752,0.5707846003898636,0.6218476241040616,0.5952229703976623
4,0.6744245333966415,0.5740833333333333,0.5741929367517334,0.5740833333333333,0.5738754218909443,0.6713031388141892,0.5836888888888889,0.5954967410626111,0.533581099017786,0.5628412750268353
5,0.6737892941625387,0.5742166666666667,0.574298271697268,0.5742166666666667,0.5740554686197024,0.6710819701918147,0.5811777777777778,0.5863734645995308,0.5639323953632422,0.5749340309885203
6,0.6742616541095888,0.5766333333333333,0.576671213084688,0.5766333333333333,0.5765507505206799,0.671084517443722,0.5818444444444445,0.5965216504309685,0.5174763295283603,0.5541946030467436
